CompName,Groups
BRJ128MWY1,OLA2-06122023
BRJ221YD1X,OLA2-06122023
BRJ221YD1T,OLA2-06122023
BRJ139PYSG,OLA2-06122023
BRJ128MX0V,OLA2-06122023
BRJ221YD4J,OLA2-06122023
BRJ0108L6J,OLA2-06122023
BRJ128MWVZ,OLA2-06122023
BRJ131N7RN,OLA2-06122023
BRJ128MX08,OLA2-06122023
BRJ128MX3B,OLA2-06122023
BRJ730H820,OLA2-06122023
BRJ9486DCK,OLA2-06122023
BRJ131N7S6,OLA2-06122023
BRJ131N7R4,OLA2-06122023
BRJ128MX0M,OLA2-06122023
BRJ221YD2F,OLA2-06122023
BRJ131N7T5,OLA2-06122023
BRJ043DGS4,OLA2-06122023
BRJ128MWYP,OLA2-06122023
BRJ221YD03,OLA2-06122023
BRJ128MWZ4,OLA2-06122023
BRJ128MX44,OLA2-06122023
BRJ221YD00,OLA2-06122023
BRJ23414HT,OLA2-06122023
BRJ128MWYG,OLA2-06122023
BRJ221YD3X,OLA2-06122023
BRJ131N7TC,OLA2-06122023
BRJ131N7TN,OLA2-06122023
BRJ128MX26,OLA2-06122023
BRJ221YD3G,OLA2-06122023
BRJ0108L6P,OLA2-06122023
BRJ139PYQ0,OLA2-06122023
BRJ725GCV0,OLA2-06122023
BRJ221YD2S,OLA2-06122023
BRJ203TPXZ,OLA2-06122023
BRJ131N7VF,OLA2-06122023
BRJ0108L6R,OLA2-06122023
BRJ0108L6C,OLA2-06122023
BRJ128MWWQ,OLA2-06122023
BRJ128MX1C,OLA2-06122023
BRJ221YD29,OLA2-06122023
BRJ131N7S3,OLA2-06122023
BRJ031CG9L,OLA2-06122023
BRJ221YD3Y,OLA2-06122023
BRJ0108L6H,OLA2-06122023
BRJ221YD0Q,OLA2-06122023
BRJ131N7V6,OLA2-06122023
BRJ128MX1F,OLA2-06122023
BRJ131N7RV,OLA2-06122023
BRJ139PYRJ,OLA2-06122023
BRJ043DGS8,OLA2-06122023
BRJ221YD4X,OLA2-06122023
BRJ131N7T7,OLA2-06122023
BRJ221YD1W,OLA2-06122023
BRJ131N7SP,OLA2-06122023
BRJ722G1F6,OLA2-06122023
BRJ031CGB2,OLA2-06122023
BRJ131N7R2,OLA2-06122023
BRJ131N7SF,OLA2-06122023
BRJ139PYSP,OLA2-06122023
BRJ139PYS4,OLA2-06122023
BRJ139PYQQ,OLA2-06122023
BRJ221YD0Y,OLA2-06122023
BRJ9486D5S,OLA2-06122023
BRJ128MWW4,OLA2-06122023
BRJ128MWVN,OLA2-06122023
BRJ221YD4S,OLA2-06122023
BRJ221YD35,OLA2-06122023
BRJ128MWZ8,OLA2-06122023
BRJ9486DDB,OLA2-06122023
BRJ139PYVZ,OLA2-06122023
BRJ128MWZ5,OLA2-06122023
BRJ128MX0W,OLA2-06122023
BRJ128MX2J,OLA2-06122023
BRJ128MWZZ,OLA2-06122023
BRJ131N7QW,OLA2-06122023
BRJ031CG9T,OLA2-06122023
BRJ043DGS1,OLA2-06122023
BRJ128MWYX,OLA2-06122023
BRJ131N7VH,OLA2-06122023
BRJ722G1F2,OLA2-06122023
BRJ131N7QN,OLA2-06122023
BRJ722G1FC,OLA2-06122023
BRJ128MWZG,OLA2-06122023
BRJ128MX2H,OLA2-06122023
BRJ221YD40,OLA2-06122023
BRJ139PYV7,OLA2-06122023
BRJ221YD45,OLA2-06122023
BRJ221YD1Y,OLA2-06122023
BRJ139PYVG,OLA2-06122023
BRJ221YD27,OLA2-06122023
BRJ131N7V4,OLA2-06122023
BRJ131N7SH,OLA2-06122023
BRJ139PYRK,OLA2-06122023
BRJ139PYT5,OLA2-06122023
BRJ9486DDK,OLA2-06122023
BRJ9486D9X,OLA2-06122023
BRJ139PYRV,OLA2-06122023
BRJ221YD10,OLA2-06122023
BRJ131N7RH,OLA2-06122023
BRJ221YD0X,OLA2-06122023
BRJ139PYT8,OLA2-06122023
BRJ128MX2Z,OLA2-06122023
BRJ139PYS3,OLA2-06122023
BRJ9476D21,OLA2-06122023
BRJ128MWZR,OLA2-06122023
BRJ128MX4B,OLA2-06122023
BRJ139PYQ5,OLA2-06122023
BRJ221YD4R,OLA2-06122023
BRJ221YD5H,OLA2-06122023
BRJ128MX4J,OLA2-06122023
BRJ139PYRP,OLA2-06122023
BRJ131N7T9,OLA2-06122023
BRJ131N7S1,OLA2-06122023
BRJ131N7RS,OLA2-06122023
BRJ221YD1N,OLA2-06122023
BRJ128MX07,OLA2-06122023
BRJ139PYSF,OLA2-06122023
BRJ722G1FZ,OLA2-06122023
BRJ128MX00,OLA2-06122023
BRJ131N7RF,OLA2-06122023
BRJ131N7R8,OLA2-06122023
BRJ131N7QT,OLA2-06122023
BRJ128MWVJ,OLA2-06122023
BRJ630739Q,OLA2-06122023
BRJ128MWWN,OLA2-06122023
BRJ043DGRT,OLA2-06122023
BRJ131N7TM,OLA2-06122023
BRJ221YD43,OLA2-06122023
BRJ221YD14,OLA2-06122023
BRJ131N7RQ,OLA2-06122023
BRJ9486DGW,OLA2-06122023
BRJ131N7TK,OLA2-06122023
BRJ131N7S9,OLA2-06122023
BRJ139PYTR,OLA2-06122023
BRJ131N7RW,OLA2-06122023
BRJ221YD5N,OLA2-06122023
BRJ131N7QX,OLA2-06122023
BRJ128MX29,OLA2-06122023
BRJ221YD11,OLA2-06122023
BRJ128MX3J,OLA2-06122023
BRJ9486D5T,OLA2-06122023
BRJ128MWV5,OLA2-06122023
BRJ043DGS9,OLA2-06122023
BRJ131N7RX,OLA2-06122023
BRJ139PYVH,OLA2-06122023
BRJ128MWVV,OLA2-06122023
BRJ128MWXM,OLA2-06122023
BRJ745KWSX,OLA2-06122023
BRJ031CG9M,OLA2-06122023
BRJ131N7SS,OLA2-06122023
BRJ131N7RP,OLA2-06122023
BRJ221YD1K,OLA2-06122023
BRJ221YD3K,OLA2-06122023
BRJ139PYT9,OLA2-06122023
BRJ139PYW0,OLA2-06122023
BRJ221YD0F,OLA2-06122023
BRJ128MWY8,OLA2-06122023
BRJ128MX2W,OLA2-06122023
BRJ131N7RK,OLA2-06122023
BRJ221YD2B,OLA2-06122023
BRJ221YD0C,OLA2-06122023
BRJ9486D5R,OLA2-06122023
BRJ139PYV0,OLA2-06122023
BRJ128MX1W,OLA2-06122023
BRJ131N7SN,OLA2-06122023
BRJ131N7VC,OLA2-06122023
BRJ221YD1S,OLA2-06122023
BRJ9486DCR,OLA2-06122023
BRJ128MX2P,OLA2-06122023
BRJ139PYRC,OLA2-06122023
BRJ128MWVQ,OLA2-06122023
BRJ131N7QR,OLA2-06122023
BRJ221YD0J,OLA2-06122023
BRJ128MWWD,OLA2-06122023
BRJ131N7SM,OLA2-06122023
BRJ128MWYR,OLA2-06122023
BRJ128MWWK,OLA2-06122023
BRJ131N7S2,OLA2-06122023
BRJ128MX30,OLA2-06122023
BRJ128MWZ9,OLA2-06122023
BRJ221YD3D,OLA2-06122023
BRJ139PYQ2,OLA2-06122023
BRJ9486D5Q,OLA2-06122023
BRJ9486DD3,OLA2-06122023
BRJ128MWXR,OLA2-06122023
BRJ131N7R6,OLA2-06122023
BRJ221YD42,OLA2-06122023
BRJ139PYTG,OLA2-06122023
BRJ131N7SR,OLA2-06122023
BRJ128MWYQ,OLA2-06122023
BRJ031CG9B,OLA2-06122023
BRJ128MX2K,OLA2-06122023
BRJ131N7RT,OLA2-06122023
BRJ0108L67,OLA2-06122023
BRJ131N7T8,OLA2-06122023
BRJ128MX03,OLA2-06122023
BRJ139PYW6,OLA2-06122023
BRJ131N7S0,OLA2-06122023
BRJ131N7T1,OLA2-06122023
BRJ128MWX7,OLA2-06122023
BRJ128MX2S,OLA2-06122023
BRJ128MWWY,OLA2-06122023
BRJ128MX0R,OLA2-06122023
BRJ128MWY7,OLA2-06122023
BRJ128MX1X,OLA2-06122023
BRJ9486D6M,OLA2-06122023
BRJ131N7TT,OLA2-06122023
BRJ131N7RY,OLA2-06122023
BRJ131N7V9,OLA2-06122023
BRJ221YD5F,OLA2-06122023
BRJ722G1GH,OLA2-06122023
BRJ131N7VG,OLA2-06122023
BRJ139PYV1,OLA2-06122023
BRJ131N7SK,OLA2-06122023
BRJ131N7SB,OLA2-06122023
BRJ131N7VK,OLA2-06122023
BRJ525SWNP,OLA2-06122023
BRJ128MWZF,OLA2-06122023
BRJ139PYRN,OLA2-06122023
BRJ131N7SZ,OLA2-06122023
BRJ221YD2J,OLA2-06122023
BRJ128MX2Y,OLA2-06122023
BRJ221YD57,OLA2-06122023
BRJ9486DD2,OLA2-06122023
BRJ131N7RR,OLA2-06122023
BRJ722G1FX,OLA2-06122023
BRJ128MX43,OLA2-06122023
BRJ131N7T4,OLA2-06122023
BRJ128MX1Y,OLA2-06122023
BRJ139PYT4,OLA2-06122023
BRJ221YD4P,OLA2-06122023
BRJ131N7RD,OLA2-06122023
BRJ128MX3W,OLA2-06122023
BRJ9486DDW,OLA2-06122023
BRJ139PYTX,OLA2-06122023
BRJ128MX0Z,OLA2-06122023
BRJ0108L6K,OLA2-06122023
BRJ128MWW7,OLA2-06122023
BRJ128MWV8,OLA2-06122023
BRJ128MX1N,OLA2-06122023
BRJ221YD50,OLA2-06122023
BRJ128MX16,OLA2-06122023
BRJ139PYSH,OLA2-06122023
BRJ131N7QM,OLA2-06122023
BRJ128MWZD,OLA2-06122023
BRJ128MWXD,OLA2-06122023
BRJ131N7S4,OLA2-06122023
BRJ131N7SD,OLA2-06122023
BRJ043DGRZ,OLA2-06122023
BRJ128MX0Q,OLA2-06122023
BRJ131N7T3,OLA2-06122023
BRJ9486DCZ,OLA2-06122023
BRJ221YD5D,OLA2-06122023
BRJ139PYTF,OLA2-06122023
BRJ221YD2Y,OLA2-06122023
BRJ128MX40,OLA2-06122023
BRJ221YD3S,OLA2-06122023
BRJ221YD55,OLA2-06122023
BRJ139PYQX,OLA2-06122023
BRJ131N7TG,OLA2-06122023
BRJ128MX04,OLA2-06122023
BRJ4406B7K,OLA2-06122023
BRJ221YD24,OLA2-06122023
BRJ131N7V0,OLA2-06122023
BRJ131N7V3,OLA2-06122023
BRJ128MX4C,OLA2-06122023
BRJ139PYQM,OLA2-06122023
BRJ128MX46,OLA2-06122023
BRJ221YD48,OLA2-06122023
BRJ128MWWF,OLA2-06122023
BRJ425C9D6,OLA2-06122023
BRJ221YD56,OLA2-06122023
BRJ128MWYC,OLA2-06122023
BRJ9486D64,OLA2-06122023
BRJ128MX22,OLA2-06122023
BRJ221YD19,OLA2-06122023
BRJ131N7V8,OLA2-06122023
BRJ730H7ZD,OLA2-06122023
BRJ128MWVX,OLA2-06122023
BRJ131N7V5,OLA2-06122023
BRJ128MWY5,OLA2-06122023
BRJ9486D6P,OLA2-06122023
BRJ131N7SJ,OLA2-06122023
BRJ031CGB3,OLA2-06122023
BRJ630735Y,OLA2-06122023
BRJ131N7VB,OLA2-06122023
BRJ221YD34,OLA2-06122023
BRJ221YD1G,OLA2-06122023
BRJ139PYSN,OLA2-06122023
BRJ139PYS0,OLA2-06122023
BRJ128MX3G,OLA2-06122023
BRJ131N7TQ,OLA2-06122023
BRJ221YD4D,OLA2-06122023
BRJ221YD0V,OLA2-06122023
BRJ128MWWB,OLA2-06122023
BRJ131N7SG,OLA2-06122023
BRJ131N7QP,OLA2-06122023
BRJ128MX21,OLA2-06122023
BRJ139PYSX,OLA2-06122023
BRJ221YD3C,OLA2-06122023
BRJ128MX1G,OLA2-06122023
BRJ128MWWC,OLA2-06122023
BRJ131N7QV,OLA2-06122023
BRJ221YD2P,OLA2-06122023
BRJ221YD1P,OLA2-06122023
BRJ221YD4G,OLA2-06122023
BRJ221YD1Z,OLA2-06122023
BRJ221YD18,OLA2-06122023
BRJ128MWZS,OLA2-06122023
BRJ9486DCY,OLA2-06122023
BRJ139PYRB,OLA2-06122023
BRJ139PYWG,OLA2-06122023
BRJ221YD49,OLA2-06122023
BRJ131N7SQ,OLA2-06122023
BRJ221YD0K,OLA2-06122023
BRJ139PYTW,OLA2-06122023
BRJ131N7VN,OLA2-06122023
BRJ128MWZW,OLA2-06122023
BRJ131N7T2,OLA2-06122023
BRJ221YD2D,OLA2-06122023
BRJ128MWXC,OLA2-06122023
BRJ131N7V7,OLA2-06122023
BRJ128MX17,OLA2-06122023
BRJ221YD58,OLA2-06122023
BRJ131N7VM,OLA2-06122023
BRJ221YD3Q,OLA2-06122023
BRJ131N7RZ,OLA2-06122023
BRJ131N7QQ,OLA2-06122023
BRJ630737Q,OLA2-06122023
BRJ131N7SY,OLA2-06122023
BRJ221YD1F,OLA2-06122023
BRJ221YD0B,OLA2-06122023
BRJ9486D6Y,OLA2-06122023
BRJ128MWZ1,OLA2-06122023
BRJ128MWW2,OLA2-06122023
BRJ131N7TZ,OLA2-06122023
BRJ221YD32,OLA2-06122023
BRJ131N7TH,OLA2-06122023
BRJ9486D6D,OLA2-06122023
BRJ131N7QS,OLA2-06122023
BRJ9486D6Z,OLA2-06122023
BRJ128MX3S,OLA2-06122023
BRJ131N7VD,OLA2-06122023
BRJ131N7TF,OLA2-06122023
BRJ128MWYK,OLA2-06122023
BRJ0108L6V,OLA2-06122023
BRJ128MWXQ,OLA2-06122023
BRJ745KWT7,OLA2-06122023
BRJ139PYQS,OLA2-06122023
BRJ128MWWG,OLA2-06122023
BRJ221YD0P,OLA2-06122023
BRJ128MWXH,OLA2-06122023
BRJ128MWXX,OLA2-06122023
BRJ128MWWR,OLA2-06122023
BRJ131N7VJ,OLA2-06122023
BRJ128MX1T,OLA2-06122023
BRJ221YD4Q,OLA2-06122023
BRJ131N7RM,OLA2-06122023
BRJ221YD2K,OLA2-06122023
BRJ221YD13,OLA2-06122023
BRJ221YD2X,OLA2-06122023
BRJ221YD4H,OLA2-06122023
BRJ730H81X,OLA2-06122023
BRJ025BQFH,OLA2-06122023
BRJ129N54W,OLA2-06122023
BRJ025BQM7,OLA2-06122023
BRJ01395NQ,OLA2-06122023
BRJ01396L2,OLA2-06122023
BRJ01395WH,OLA2-06122023
BRJ138PR7D,OLA2-06122023
BRJ025BS1S,OLA2-06122023
BRJ0169M6W,OLA2-06122023
BRJ202TK82,OLA2-06122023
BRJ129N5B1,OLA2-06122023
BRJ9263RBX,OLA2-06122023
BRJ025BRZF,OLA2-06122023
BRJ202TJZT,OLA2-06122023
BRJ202TK8P,OLA2-06122023
BRJ025BRXX,OLA2-06122023
BRJ202TKMC,OLA2-06122023
BRJ013960Z,OLA2-06122023
BRJ01395TF,OLA2-06122023
BRJ9263R1G,OLA2-06122023
BRJ025BS5P,OLA2-06122023
BRJ202TKCH,OLA2-06122023
BRJ025BRWC,OLA2-06122023
BRJ01396VP,OLA2-06122023
BRJ025BQNQ,OLA2-06122023
BRJ129N5B0,OLA2-06122023
BRJ9263QDR,OLA2-06122023
BRJ025BQPC,OLA2-06122023
BRJ025BQC1,OLA2-06122023
BRJ129N4T8,OLA2-06122023
BRJ0139626,OLA2-06122023
BRJ223YS7K,OLA2-06122023
BRJ9263RCQ,OLA2-06122023
BRJ013968P,OLA2-06122023
BRJ136PCST,OLA2-06122023
BRJ013967Z,OLA2-06122023
BRJ202TJKM,OLA2-06122023
BRJ138PQQD,OLA2-06122023
BRJ136PCX6,OLA2-06122023
BRJ223YWWR,OLA2-06122023
BRJ129N4Y5,OLA2-06122023
BRJ01395HS,OLA2-06122023
BRJ142QQMF,OLA2-06122023
BRJ0169NQL,OLA2-06122023
BRJ129N574,OLA2-06122023
BRJ025BS3L,OLA2-06122023
BRJ9253N27,OLA2-06122023
BRJ025BR4D,OLA2-06122023
BRJ202TKJP,OLA2-06122023
BRJ025BQDZ,OLA2-06122023
BRJ129N5D2,OLA2-06122023
BRJ223YS85,OLA2-06122023
BRJ01497RY,OLA2-06122023
BRJ223YS6F,OLA2-06122023
BRJ202TKHV,OLA2-06122023
BRJ01497KL,OLA2-06122023
BRJ202TKJH,OLA2-06122023
BRJ712DJPV,OLA2-06122023
BRJ01395HH,OLA2-06122023
BRJ129N4YF,OLA2-06122023
BRJ9263QW7,OLA2-06122023
BRJ025BS0H,OLA2-06122023
BRJ136PCZ5,OLA2-06122023
BRJ01396PR,OLA2-06122023
BRJ223YS4D,OLA2-06122023
BRJ01497GK,OLA2-06122023
BRJ9263R18,OLA2-06122023
BRJ025BR04,OLA2-06122023
BRJ129N54R,OLA2-06122023
BRJ025BQ1K,OLA2-06122023
BRJ202TJM7,OLA2-06122023
BRJ142QQNX,OLA2-06122023
BRJ9263RTY,OLA2-06122023
BRJ129N53V,OLA2-06122023
BRJ025BS8C,OLA2-06122023
BRJ025BS4M,OLA2-06122023
BRJ129N4ZQ,OLA2-06122023
BRJ01497ML,OLA2-06122023
BRJ9263RW5,OLA2-06122023
BRJ013968S,OLA2-06122023
BRJ129N50M,OLA2-06122023
BRJ202TK0Z,OLA2-06122023
BRJ136PCG0,OLA2-06122023
BRJ025BQBP,OLA2-06122023
BRJ9263QGW,OLA2-06122023
BRJ025BQB9,OLA2-06122023
BRJ9263RYV,OLA2-06122023
BRJ129N4Y0,OLA2-06122023
BRJ025BQQJ,OLA2-06122023
BRJ202TJZS,OLA2-06122023
BRJ129N4ZP,OLA2-06122023
BRJ01395KM,OLA2-06122023
BRJ9253NL6,OLA2-06122023
BRJ9263RMT,OLA2-06122023
BRJ226ZHBP,OLA2-06122023
BRJ202TK85,OLA2-06122023
BRJ202TK5C,OLA2-06122023
BRJ3257VTM,OLA2-06122023
BRJ9263R1Y,OLA2-06122023
BRJ025BRX2,OLA2-06122023
BRJ9263R3Y,OLA2-06122023
BRJ129N523,OLA2-06122023
BRJ202TK1F,OLA2-06122023
BRJ202TKKR,OLA2-06122023
BRJ025BS7V,OLA2-06122023
BRJ025BQFT,OLA2-06122023
BRJ138PQMK,OLA2-06122023
BRJ01395FP,OLA2-06122023
BRJ9263R56,OLA2-06122023
BRJ025BS43,OLA2-06122023
BRJ129N56W,OLA2-06122023
BRJ0169NGK,OLA2-06122023
BRJ0169NGH,OLA2-06122023
BRJ129N57T,OLA2-06122023
BRJ202TKDN,OLA2-06122023
BRJ202TKCZ,OLA2-06122023
BRJ202TKKV,OLA2-06122023
BRJ202TKP9,OLA2-06122023
BRJ129N56D,OLA2-06122023
BRJ025BS0B,OLA2-06122023
BRJ025BQGB,OLA2-06122023
BRJ202TKP0,OLA2-06122023
BRJ226ZHHH,OLA2-06122023
BRJ143QR5S,OLA2-06122023
BRJ223YS4K,OLA2-06122023
BRJ01396BP,OLA2-06122023
BRJ9263QWJ,OLA2-06122023
BRJ9263QD8,OLA2-06122023
BRJ01395XS,OLA2-06122023
BRJ025BQFG,OLA2-06122023
BRJ9253NH6,OLA2-06122023
BRJ01395QG,OLA2-06122023
BRJ136PCRH,OLA2-06122023
BRJ9263QWF,OLA2-06122023
BRJ025BQXP,OLA2-06122023
BRJ202TKFB,OLA2-06122023
BRJ01497SL,OLA2-06122023
BRJ025BQK6,OLA2-06122023
BRJ01497FP,OLA2-06122023
BRJ202TK9H,OLA2-06122023
BRJ129N590,OLA2-06122023
BRJ025BQ0H,OLA2-06122023
BRJ202TKH7,OLA2-06122023
BRJ202TKHP,OLA2-06122023
BRJ9263R1F,OLA2-06122023
BRJ202TK68,OLA2-06122023
BRJ142QQKQ,OLA2-06122023
BRJ129N58R,OLA2-06122023
BRJ025BQ2K,OLA2-06122023
BRJ202TKK9,OLA2-06122023
BRJ202TK0D,OLA2-06122023
BRJ712DJLW,OLA2-06122023
BRJ136PCWP,OLA2-06122023
BRJ129N4RK,OLA2-06122023
BRJ9263QFR,OLA2-06122023
BRJ025BS5F,OLA2-06122023
BRJ138PR94,OLA2-06122023
BRJ025BQFC,OLA2-06122023
BRJ013961W,OLA2-06122023
BRJ129N5BJ,OLA2-06122023
BRJ9263QC4,OLA2-06122023
BRJ9263RMZ,OLA2-06122023
BRJ9263PYK,OLA2-06122023
BRJ129N4YS,OLA2-06122023
BRJ223YS62,OLA2-06122023
BRJ9263R8B,OLA2-06122023
BRJ129N5C2,OLA2-06122023
BRJ202TKDK,OLA2-06122023
BRJ202TK60,OLA2-06122023
BRJ129N58K,OLA2-06122023
BRJ0169LWT,OLA2-06122023
BRJ025BQPY,OLA2-06122023
BRJ025BS2P,OLA2-06122023
BRJ025BS2M,OLA2-06122023
BRJ9263QH3,OLA2-06122023
BRJ0169NHF,OLA2-06122023
BRJ025BQJK,OLA2-06122023
BRJ025BQGC,OLA2-06122023
BRJ01395QC,OLA2-06122023
BRJ202TKC5,OLA2-06122023
BRJ0169M36,OLA2-06122023
BRJ025BQ5G,OLA2-06122023
BRJ129N54J,OLA2-06122023
BRJ025BS6X,OLA2-06122023
BRJ01395VD,OLA2-06122023
BRJ202TKJZ,OLA2-06122023
BRJ129N4QB,OLA2-06122023
BRJ142QQPV,OLA2-06122023
BRJ025BS49,OLA2-06122023
BRJ01395NS,OLA2-06122023
BRJ01497H6,OLA2-06122023
BRJ01395XC,OLA2-06122023
BRJ025BRYD,OLA2-06122023
BRJ202TK52,OLA2-06122023
BRJ136PCNN,OLA2-06122023
BRJ202TK5R,OLA2-06122023
BRJ01395LW,OLA2-06122023
BRJ025BRW3,OLA2-06122023
BRJ025BS1W,OLA2-06122023
BRJ223YVWB,OLA2-06122023
BRJ025BQ4N,OLA2-06122023
BRJ025BQF1,OLA2-06122023
BRJ01396BB,OLA2-06122023
BRJ025BRYL,OLA2-06122023
BRJ025BS82,OLA2-06122023
BRJ025BQKG,OLA2-06122023
BRJ129N58J,OLA2-06122023
BRJ9263R4N,OLA2-06122023
BRJ01396BD,OLA2-06122023
BRJ01395RT,OLA2-06122023
BRJ9263QJV,OLA2-06122023
BRJ142QQK7,OLA2-06122023
BRJ025BQDJ,OLA2-06122023
BRJ025BQF6,OLA2-06122023
BRJ025BQL4,OLA2-06122023
BRJ025BQTP,OLA2-06122023
BRJ129N4Y7,OLA2-06122023
BRJ025BS5V,OLA2-06122023
BRJ202TK65,OLA2-06122023
BRJ01395MX,OLA2-06122023
BRJ013969D,OLA2-06122023
BRJ129N571,OLA2-06122023
BRJ9263RMH,OLA2-06122023
BRJ202TKHM,OLA2-06122023
BRJ129N50T,OLA2-06122023
BRJ202TKFZ,OLA2-06122023
BRJ129N53Z,OLA2-06122023
BRJ202TK6D,OLA2-06122023
BRJ01395JN,OLA2-06122023
BRJ223YS4Z,OLA2-06122023
BRJ129N4TG,OLA2-06122023
BRJ025BQHL,OLA2-06122023
BRJ223YX00,OLA2-06122023
BRJ9263PYC,OLA2-06122023
BRJ129N56S,OLA2-06122023
BRJ01497Q0,OLA2-06122023
BRJ01396NH,OLA2-06122023
BRJ142QQQ7,OLA2-06122023
BRJ202TJKY,OLA2-06122023
BRJ01395RB,OLA2-06122023
BRJ202TKM7,OLA2-06122023
BRJ202TKD4,OLA2-06122023
BRJ223YS67,OLA2-06122023
BRJ202TKCQ,OLA2-06122023
BRJ0169NQV,OLA2-06122023
BRJ025BQNZ,OLA2-06122023
BRJ143QR6T,OLA2-06122023
BRJ025BQCZ,OLA2-06122023
BRJ025BQVV,OLA2-06122023
BRJ138PQM6,OLA2-06122023
BRJ129N4SZ,OLA2-06122023
BRJ129N55Y,OLA2-06122023
BRJ025BRBG,OLA2-06122023
BRJ025BQM4,OLA2-06122023
BRJ01395WQ,OLA2-06122023
BRJ0169N7G,OLA2-06122023
BRJ9263R89,OLA2-06122023
BRJ136PCX0,OLA2-06122023
BRJ025BQD2,OLA2-06122023
BRJ129N4VK,OLA2-06122023
BRJ202TK7J,OLA2-06122023
BRJ025BR5B,OLA2-06122023
BRJ0169NR8,OLA2-06122023
BRJ025BS0P,OLA2-06122023
BRJ9263QPJ,OLA2-06122023
BRJ129N4RG,OLA2-06122023
BRJ202TJZZ,OLA2-06122023
BRJ129N5H7,OLA2-06122023
BRJ202TK4B,OLA2-06122023
BRJ025BR72,OLA2-06122023
BRJ025BQMB,OLA2-06122023
BRJ025BRMM,OLA2-06122023
BRJ9263RRT,OLA2-06122023
BRJ0139693,OLA2-06122023
BRJ202TK0K,OLA2-06122023
BRJ025BQ45,OLA2-06122023
BRJ136PCXV,OLA2-06122023
BRJ01395LM,OLA2-06122023
BRJ129N57J,OLA2-06122023
BRJ01395PM,OLA2-06122023
BRJ129N5B8,OLA2-06122023
BRJ0169NGR,OLA2-06122023
BRJ136PBZ9,OLA2-06122023
BRJ129N599,OLA2-06122023
BRJ136PCQV,OLA2-06122023
BRJ136PC4J,OLA2-06122023
BRJ025BQKW,OLA2-06122023
BRJ9263R92,OLA2-06122023
BRJ202TKJS,OLA2-06122023
BRJ01395ZD,OLA2-06122023
BRJ0169NCC,OLA2-06122023
BRJ143QR6N,OLA2-06122023
BRJ138PQMF,OLA2-06122023
BRJ202TKKM,OLA2-06122023
BRJ025BS2F,OLA2-06122023
BRJ202TK20,OLA2-06122023
BRJ025BRYG,OLA2-06122023
BRJ025BQN1,OLA2-06122023
BRJ025BRST,OLA2-06122023
BRJ9263R3F,OLA2-06122023
BRJ9253N21,OLA2-06122023
BRJ9263RPC,OLA2-06122023
BRJ129N585,OLA2-06122023
BRJ01497JF,OLA2-06122023
BRJ025BS44,OLA2-06122023
BRJ025BS7B,OLA2-06122023
BRJ01395K6,OLA2-06122023
BRJ01396D6,OLA2-06122023
BRJ129N55K,OLA2-06122023
BRJ025BQ09,OLA2-06122023
BRJ202TKFF,OLA2-06122023
BRJ129N4WP,OLA2-06122023
BRJ202TKBJ,OLA2-06122023
BRJ129N57W,OLA2-06122023
BRJ0169NB0,OLA2-06122023
BRJ01497V4,OLA2-06122023
BRJ025BRG7,OLA2-06122023
BRJ025BR99,OLA2-06122023
BRJ129N509,OLA2-06122023
BRJ9263Q0N,OLA2-06122023
BRJ9263QQP,OLA2-06122023
BRJ025BS7K,OLA2-06122023
BRJ129N56Z,OLA2-06122023
BRJ01394NP,OLA2-06122023
BRJ025BRX8,OLA2-06122023
BRJ223YS56,OLA2-06122023
BRJ025BS5W,OLA2-06122023
BRJ025BS3P,OLA2-06122023
BRJ202TK1B,OLA2-06122023
BRJ202TKJ7,OLA2-06122023
BRJ01395ZM,OLA2-06122023
BRJ9253MVV,OLA2-06122023
BRJ202TK57,OLA2-06122023
BRJ01396G0,OLA2-06122023
BRJ136PCYC,OLA2-06122023
BRJ129N532,OLA2-06122023
BRJ136PBTS,OLA2-06122023
BRJ142QQK0,OLA2-06122023
BRJ025BRQ2,OLA2-06122023
BRJ013962Y,OLA2-06122023
BRJ9263RFG,OLA2-06122023
BRJ025BQHC,OLA2-06122023
BRJ129N58Q,OLA2-06122023
BRJ025BS3K,OLA2-06122023
BRJ025BRVF,OLA2-06122023
BRJ223YVXX,OLA2-06122023
BRJ01497LJ,OLA2-06122023
BRJ025BRZY,OLA2-06122023
BRJ0139672,OLA2-06122023
BRJ202TK8Z,OLA2-06122023
BRJ025BQNF,OLA2-06122023
BRJ013969J,OLA2-06122023
BRJ142QQQ6,OLA2-06122023
BRJ9253NG4,OLA2-06122023
BRJ129N51H,OLA2-06122023
BRJ129N558,OLA2-06122023
BRJ129N593,OLA2-06122023
BRJ025BQ2L,OLA2-06122023
BRJ143QR7B,OLA2-06122023
BRJ202TKJ4,OLA2-06122023
BRJ202TKPX,OLA2-06122023
BRJ129N592,OLA2-06122023
BRJ202TK9X,OLA2-06122023
BRJ223YS6X,OLA2-06122023
BRJ025BPZ2,OLA2-06122023
BRJ01396D9,OLA2-06122023
BRJ0169LY8,OLA2-06122023
BRJ129N4Z9,OLA2-06122023
BRJ01394MW,OLA2-06122023
BRJ0169NR7,OLA2-06122023
BRJ202TKG1,OLA2-06122023
BRJ223YTR0,OLA2-06122023
BRJ0169M01,OLA2-06122023
BRJ129N4VX,OLA2-06122023
BRJ202TJKT,OLA2-06122023
BRJ9263RS8,OLA2-06122023
BRJ025BS1L,OLA2-06122023
BRJ143QR6R,OLA2-06122023
BRJ136PCYW,OLA2-06122023
BRJ129N52G,OLA2-06122023
BRJ202TKF8,OLA2-06122023
BRJ136PC52,OLA2-06122023
BRJ129N4ZG,OLA2-06122023
BRJ202TKHW,OLA2-06122023
BRJ129N52D,OLA2-06122023
BRJ025BR2B,OLA2-06122023
BRJ01394KK,OLA2-06122023
BRJ01396KS,OLA2-06122023
BRJ01396DD,OLA2-06122023
BRJ025BQH0,OLA2-06122023
BRJ01395Y4,OLA2-06122023
BRJ0169NQZ,OLA2-06122023
BRJ01395XX,OLA2-06122023
BRJ025BQFP,OLA2-06122023
BRJ202TK1N,OLA2-06122023
BRJ223YS4W,OLA2-06122023
BRJ129N595,OLA2-06122023
BRJ138PQPR,OLA2-06122023
BRJ025BS2C,OLA2-06122023
BRJ01497KM,OLA2-06122023
BRJ136PCWJ,OLA2-06122023
BRJ9263RKM,OLA2-06122023
BRJ01396NZ,OLA2-06122023
BRJ025BQJF,OLA2-06122023
BRJ025BS8K,OLA2-06122023
BRJ9263RJ8,OLA2-06122023
BRJ129N594,OLA2-06122023
BRJ9263RLM,OLA2-06122023
BRJ202TKD8,OLA2-06122023
BRJ025BQY9,OLA2-06122023
BRJ025BS1M,OLA2-06122023
BRJ025BRK9,OLA2-06122023
BRJ0169LVV,OLA2-06122023
BRJ129N56N,OLA2-06122023
BRJ013955T,OLA2-06122023
BRJ0169M8Y,OLA2-06122023
BRJ129N569,OLA2-06122023
BRJ025BRNF,OLA2-06122023
BRJ129N5BZ,OLA2-06122023
BRJ025BS4X,OLA2-06122023
BRJ129N51V,OLA2-06122023
BRJ01396S8,OLA2-06122023
BRJ025BQTV,OLA2-06122023
BRJ129N51W,OLA2-06122023
BRJ129N4ZX,OLA2-06122023
BRJ025BQDH,OLA2-06122023
BRJ9263QQ3,OLA2-06122023
BRJ9263R2K,OLA2-06122023
BRJ202TKGR,OLA2-06122023
BRJ025BQQG,OLA2-06122023
BRJ202TKH2,OLA2-06122023
BRJ013961F,OLA2-06122023
BRJ223YWYP,OLA2-06122023
BRJ129N54F,OLA2-06122023
BRJ136PCW1,OLA2-06122023
BRJ9263QV7,OLA2-06122023
BRJ025BQXZ,OLA2-06122023
BRJ025BQGH,OLA2-06122023
BRJ01395P8,OLA2-06122023
BRJ129N4QQ,OLA2-06122023
BRJ025BQPN,OLA2-06122023
BRJ01395YV,OLA2-06122023
BRJ01395L6,OLA2-06122023
BRJ025BS68,OLA2-06122023
BRJ025BQ31,OLA2-06122023
BRJ9263R4M,OLA2-06122023
BRJ129N4Z1,OLA2-06122023
BRJ143QR63,OLA2-06122023
BRJ202TK9K,OLA2-06122023
BRJ136PCGB,OLA2-06122023
BRJ025BQLH,OLA2-06122023
BRJ9263QXC,OLA2-06122023
BRJ025BRC5,OLA2-06122023
BRJ025BQ23,OLA2-06122023
BRJ129N577,OLA2-06122023
BRJ025BQDT,OLA2-06122023
BRJ9263QSD,OLA2-06122023
BRJ025BR2X,OLA2-06122023
BRJ129N5BT,OLA2-06122023
BRJ01497QG,OLA2-06122023
BRJ202TK74,OLA2-06122023
BRJ202TKKH,OLA2-06122023
BRJ129N58D,OLA2-06122023
BRJ202TKG7,OLA2-06122023
BRJ202TK6V,OLA2-06122023
BRJ129N55D,OLA2-06122023
BRJ025BQDG,OLA2-06122023
BRJ223YS7T,OLA2-06122023
BRJ025BQQD,OLA2-06122023
BRJ01395T0,OLA2-06122023
BRJ136PCQ5,OLA2-06122023
BRJ9253NKK,OLA2-06122023
BRJ0139613,OLA2-06122023
BRJ202TK6J,OLA2-06122023
BRJ9263R5M,OLA2-06122023
BRJ9263RH6,OLA2-06122023
BRJ129N4ZF,OLA2-06122023
BRJ129N51J,OLA2-06122023
BRJ025BS3Z,OLA2-06122023
BRJ013960C,OLA2-06122023
BRJ202TKFN,OLA2-06122023
BRJ143QR6Q,OLA2-06122023
BRJ202TK97,OLA2-06122023
BRJ223YWY2,OLA2-06122023
BRJ202TK1P,OLA2-06122023
BRJ142QQQ1,OLA2-06122023
BRJ025BQBN,OLA2-06122023
BRJ025BS18,OLA2-06122023
BRJ025BQLM,OLA2-06122023
BRJ202TK5D,OLA2-06122023
BRJ9263Q04,OLA2-06122023
BRJ025BS1K,OLA2-06122023
BRJ025BQNG,OLA2-06122023
BRJ013967R,OLA2-06122023
BRJ129N5CB,OLA2-06122023
BRJ025BS6N,OLA2-06122023
BRJ129N4VH,OLA2-06122023
BRJ9263QP1,OLA2-06122023
BRJ129N59T,OLA2-06122023
BRJ136PBQY,OLA2-06122023
BRJ223YS51,OLA2-06122023
BRJ129N54N,OLA2-06122023
BRJ713DKKH,OLA2-06122023
BRJ0169M46,OLA2-06122023
BRJ0169NH9,OLA2-06122023
BRJ142QQNB,OLA2-06122023
BRJ025BQF4,OLA2-06122023
BRJ202TKF1,OLA2-06122023
BRJ025BQP3,OLA2-06122023
BRJ9263QKV,OLA2-06122023
BRJ129N55J,OLA2-06122023
BRJ129N5BW,OLA2-06122023
BRJ9253N29,OLA2-06122023
BRJ01395SK,OLA2-06122023
BRJ129N4R8,OLA2-06122023
BRJ01395V5,OLA2-06122023
BRJ025BQY4,OLA2-06122023
BRJ9263RQ1,OLA2-06122023
BRJ0169LX1,OLA2-06122023
BRJ025BQDK,OLA2-06122023
BRJ143QR6B,OLA2-06122023
BRJ025BR6S,OLA2-06122023
BRJ013960G,OLA2-06122023
BRJ129N58S,OLA2-06122023
BRJ136PCWW,OLA2-06122023
BRJ025BRLT,OLA2-06122023
BRJ9263R3J,OLA2-06122023
BRJ138PQPC,OLA2-06122023
BRJ202TKG9,OLA2-06122023
BRJ202TKKW,OLA2-06122023
BRJ202TK8V,OLA2-06122023
BRJ9263R3N,OLA2-06122023
BRJ129N55T,OLA2-06122023
BRJ025BQCR,OLA2-06122023
BRJ129N583,OLA2-06122023
BRJ143QR69,OLA2-06122023
BRJ138PQNW,OLA2-06122023
BRJ223YS5G,OLA2-06122023
BRJ223YSJC,OLA2-06122023
BRJ025BS4Q,OLA2-06122023
BRJ025BS61,OLA2-06122023
BRJ01395JC,OLA2-06122023
BRJ138PR91,OLA2-06122023
BRJ9263QLD,OLA2-06122023
BRJ202TK92,OLA2-06122023
BRJ01395HN,OLA2-06122023
BRJ223YS5T,OLA2-06122023
BRJ129N4TR,OLA2-06122023
BRJ9263Q46,OLA2-06122023
BRJ202TKB3,OLA2-06122023
BRJ01497GV,OLA2-06122023
BRJ01395WZ,OLA2-06122023
BRJ9263PX5,OLA2-06122023
BRJ01395LS,OLA2-06122023
BRJ025BRZW,OLA2-06122023
BRJ025BS2D,OLA2-06122023
BRJ129N52Z,OLA2-06122023
BRJ202TK6C,OLA2-06122023
BRJ129N4WZ,OLA2-06122023
BRJ025BQCQ,OLA2-06122023
BRJ223YS6P,OLA2-06122023
BRJ013962Z,OLA2-06122023
BRJ129N55X,OLA2-06122023
BRJ025BQRZ,OLA2-06122023
BRJ01396DR,OLA2-06122023
BRJ223YWZ9,OLA2-06122023
BRJ747L3ZC,OLA2-06122023
BRJ0169NQF,OLA2-06122023
BRJ129N4V5,OLA2-06122023
BRJ129N59F,OLA2-06122023
BRJ223YVYW,OLA2-06122023
BRJ0169LW3,OLA2-06122023
BRJ0169M8P,OLA2-06122023
BRJ202TKCB,OLA2-06122023
BRJ013960S,OLA2-06122023
BRJ223YS5C,OLA2-06122023
BRJ129N56G,OLA2-06122023
BRJ202TKN4,OLA2-06122023
BRJ129N4WQ,OLA2-06122023
BRJ025BQMS,OLA2-06122023
BRJ025BRZ5,OLA2-06122023
BRJ025BRFC,OLA2-06122023
BRJ9263R48,OLA2-06122023
BRJ143QR7C,OLA2-06122023
BRJ01497VL,OLA2-06122023
BRJ01395KK,OLA2-06122023
BRJ025BR4X,OLA2-06122023
BRJ129N4VV,OLA2-06122023
BRJ01395RQ,OLA2-06122023
BRJ223YS7Q,OLA2-06122023
BRJ202TJKD,OLA2-06122023
BRJ129N528,OLA2-06122023
BRJ136PCT6,OLA2-06122023
BRJ025BRR5,OLA2-06122023
BRJ713DKMD,OLA2-06122023
BRJ01395HV,OLA2-06122023
BRJ223YS4S,OLA2-06122023
BRJ129N57S,OLA2-06122023
BRJ01497K0,OLA2-06122023
BRJ202TKCW,OLA2-06122023
BRJ223YY1W,OLA2-06122023
BRJ129N4VJ,OLA2-06122023
BRJ129N4RN,OLA2-06122023
BRJ01395ZJ,OLA2-06122023
BRJ025BRCH,OLA2-06122023
BRJ9263R47,OLA2-06122023
BRJ202TKB2,OLA2-06122023
BRJ01396FN,OLA2-06122023
BRJ202TKP3,OLA2-06122023
BRJ142QQPT,OLA2-06122023
BRJ025BQ3Y,OLA2-06122023
BRJ025BS51,OLA2-06122023
BRJ01497K9,OLA2-06122023
BRJ025BS3J,OLA2-06122023
BRJ136PC61,OLA2-06122023
BRJ0169M10,OLA2-06122023
BRJ202TKC8,OLA2-06122023
BRJ129N52R,OLA2-06122023
BRJ025BPY6,OLA2-06122023
BRJ025BS3V,OLA2-06122023
BRJ129N561,OLA2-06122023
BRJ01395TX,OLA2-06122023
BRJ202TK25,OLA2-06122023
BRJ129N59S,OLA2-06122023
BRJ202TK71,OLA2-06122023
BRJ025BR5N,OLA2-06122023
BRJ136PCY8,OLA2-06122023
BRJ223YS74,OLA2-06122023
BRJ9263PYL,OLA2-06122023
BRJ025BQMF,OLA2-06122023
BRJ129N58W,OLA2-06122023
BRJ01396VM,OLA2-06122023
BRJ01497F0,OLA2-06122023
BRJ9263RG6,OLA2-06122023
BRJ025BQLL,OLA2-06122023
BRJ025BQF2,OLA2-06122023
BRJ0169LWB,OLA2-06122023
BRJ142QQMV,OLA2-06122023
BRJ223YXX9,OLA2-06122023
BRJ01395KJ,OLA2-06122023
BRJ025BS3B,OLA2-06122023
BRJ013964N,OLA2-06122023
BRJ025BRW7,OLA2-06122023
BRJ129N56T,OLA2-06122023
BRJ025BRC8,OLA2-06122023
BRJ202TKHQ,OLA2-06122023
BRJ025BQH7,OLA2-06122023
BRJ202TKBF,OLA2-06122023
BRJ025BR09,OLA2-06122023
BRJ202TKPJ,OLA2-06122023
BRJ025BRPT,OLA2-06122023
BRJ01395D8,OLA2-06122023
BRJ0169NFK,OLA2-06122023
BRJ01395QR,OLA2-06122023
BRJ223YS5S,OLA2-06122023
BRJ9263RXZ,OLA2-06122023
BRJ223YV75,OLA2-06122023
BRJ202TKD2,OLA2-06122023
BRJ223YS7G,OLA2-06122023
BRJ9263RD3,OLA2-06122023
BRJ025BQG2,OLA2-06122023
BRJ025BQP7,OLA2-06122023
BRJ9263RD0,OLA2-06122023
BRJ129N59Q,OLA2-06122023
BRJ129N5BY,OLA2-06122023
BRJ142QQMJ,OLA2-06122023
BRJ129N535,OLA2-06122023
BRJ025BQTC,OLA2-06122023
BRJ0139609,OLA2-06122023
BRJ0169NCR,OLA2-06122023
BRJ9263RLC,OLA2-06122023
BRJ9263QYP,OLA2-06122023
BRJ129N573,OLA2-06122023
BRJ202TK7S,OLA2-06122023
BRJ0169NCQ,OLA2-06122023
BRJ9263PZC,OLA2-06122023
BRJ129N54C,OLA2-06122023
BRJ9263RP5,OLA2-06122023
BRJ9263QY5,OLA2-06122023
BRJ202TKQ1,OLA2-06122023
BRJ01395NF,OLA2-06122023
BRJ025BQ1H,OLA2-06122023
BRJ9263RN4,OLA2-06122023
BRJ01497SZ,OLA2-06122023
BRJ01395FV,OLA2-06122023
BRJ129N531,OLA2-06122023
BRJ136PC33,OLA2-06122023
BRJ025BS66,OLA2-06122023
BRJ01395LP,OLA2-06122023
BRJ025BS65,OLA2-06122023
BRJ025BRP2,OLA2-06122023
BRJ0169NGT,OLA2-06122023
BRJ025BQW0,OLA2-06122023
BRJ129N5BD,OLA2-06122023
BRJ142QQMP,OLA2-06122023
BRJ0139690,OLA2-06122023
BRJ0169M0P,OLA2-06122023
BRJ750M00J,OLA2-06122023
BRJ129N55V,OLA2-06122023
BRJ129N53G,OLA2-06122023
BRJ9263RB7,OLA2-06122023
BRJ01395PF,OLA2-06122023
BRJ025BQGK,OLA2-06122023
BRJ202TK8G,OLA2-06122023
BRJ01396QQ,OLA2-06122023
BRJ01395KP,OLA2-06122023
BRJ129N5DC,OLA2-06122023
BRJ01395PP,OLA2-06122023
BRJ9263QHD,OLA2-06122023
BRJ129N553,OLA2-06122023
BRJ01497QW,OLA2-06122023
BRJ01395PT,OLA2-06122023
BRJ01396LL,OLA2-06122023
BRJ143QR74,OLA2-06122023
BRJ01395GJ,OLA2-06122023
BRJ142QQKW,OLA2-06122023
BRJ025BQF3,OLA2-06122023
BRJ01395R2,OLA2-06122023
BRJ9263R5R,OLA2-06122023
BRJ025BQPP,OLA2-06122023
BRJ01396C5,OLA2-06122023
BRJ129N59N,OLA2-06122023
BRJ025BQZM,OLA2-06122023
BRJ01396BY,OLA2-06122023
BRJ136PCHQ,OLA2-06122023
BRJ129N5DG,OLA2-06122023
BRJ202TKPC,OLA2-06122023
BRJ129N4RV,OLA2-06122023
BRJ013962G,OLA2-06122023
BRJ025BR7V,OLA2-06122023
BRJ9263QQH,OLA2-06122023
BRJ01497FJ,OLA2-06122023
BRJ9263RMY,OLA2-06122023
BRJ202TK94,OLA2-06122023
BRJ223YS5V,OLA2-06122023
BRJ01395WY,OLA2-06122023
BRJ136PCG6,OLA2-06122023
BRJ013967F,OLA2-06122023
BRJ129N4RP,OLA2-06122023
BRJ01395TB,OLA2-06122023
BRJ202TKJN,OLA2-06122023
BRJ9263QS4,OLA2-06122023
BRJ013969R,OLA2-06122023
BRJ132ND4Y,OLA2-06122023
BRJ0169M6C,OLA2-06122023
BRJ202TKCD,OLA2-06122023
BRJ9263PWT,OLA2-06122023
BRJ025BRXQ,OLA2-06122023
BRJ01396QJ,OLA2-06122023
BRJ025BS25,OLA2-06122023
BRJ202TK43,OLA2-06122023
BRJ9263QKQ,OLA2-06122023
BRJ025BRWF,OLA2-06122023
BRJ129N57C,OLA2-06122023
BRJ223YS6K,OLA2-06122023
BRJ202TJMC,OLA2-06122023
BRJ025BQWR,OLA2-06122023
BRJ025BPY8,OLA2-06122023
BRJ025BPXM,OLA2-06122023
BRJ9263RTS,OLA2-06122023
BRJ025BQDW,OLA2-06122023
BRJ9263R6B,OLA2-06122023
BRJ025BQPS,OLA2-06122023
BRJ129N4ZK,OLA2-06122023
BRJ025BS6F,OLA2-06122023
BRJ129N59B,OLA2-06122023
BRJ025BQD6,OLA2-06122023
BRJ9263QHN,OLA2-06122023
BRJ138PQNR,OLA2-06122023
BRJ9263QZN,OLA2-06122023
BRJ025BS10,OLA2-06122023
BRJ136PCFM,OLA2-06122023
BRJ129N4R5,OLA2-06122023
BRJ129N52N,OLA2-06122023
BRJ025BRWS,OLA2-06122023
BRJ223YS7V,OLA2-06122023
BRJ9253NG1,OLA2-06122023
BRJ215X7H9,OLA2-06122023
BRJ202TKHH,OLA2-06122023
BRJ9253NCH,OLA2-06122023
BRJ01395Z6,OLA2-06122023
BRJ01497FB,OLA2-06122023
BRJ138PQQ7,OLA2-06122023
BRJ129N55M,OLA2-06122023
BRJ9263QC8,OLA2-06122023
BRJ129N4YW,OLA2-06122023
BRJ01396CJ,OLA2-06122023
BRJ025BR20,OLA2-06122023
BRJ9263RVV,OLA2-06122023
BRJ025BS1C,OLA2-06122023
BRJ129N542,OLA2-06122023
BRJ025BQBV,OLA2-06122023
BRJ129N53S,OLA2-06122023
BRJ129N4S3,OLA2-06122023
BRJ01396SB,OLA2-06122023
BRJ01395JR,OLA2-06122023
BRJ129N55Q,OLA2-06122023
BRJ742KFQP,OLA2-06122023
BRJ025BS64,OLA2-06122023
BRJ202TK8J,OLA2-06122023
BRJ202TK07,OLA2-06122023
BRJ025BQCL,OLA2-06122023
BRJ025BS1R,OLA2-06122023
BRJ142QQNK,OLA2-06122023
BRJ136PBN7,OLA2-06122023
BRJ129N58Z,OLA2-06122023
BRJ9263RPJ,OLA2-06122023
BRJ01395SV,OLA2-06122023
BRJ025BR4Y,OLA2-06122023
BRJ025BPWQ,OLA2-06122023
BRJ136PCFD,OLA2-06122023
BRJ013969H,OLA2-06122023
BRJ223YW38,OLA2-06122023
BRJ129N53Q,OLA2-06122023
BRJ025BR56,OLA2-06122023
BRJ712DJ5F,OLA2-06122023
BRJ142QQJ6,OLA2-06122023
BRJ025BS35,OLA2-06122023
BRJ129N522,OLA2-06122023
BRJ202TK7M,OLA2-06122023
BRJ025BR1K,OLA2-06122023
BRJ202TKJB,OLA2-06122023
BRJ129N4W6,OLA2-06122023
BRJ129N5BB,OLA2-06122023
BRJ025BRQW,OLA2-06122023
BRJ01396RR,OLA2-06122023
BRJ136PCX8,OLA2-06122023
BRJ202TK0S,OLA2-06122023
BRJ223YVTH,OLA2-06122023
BRJ202TK4G,OLA2-06122023
BRJ025BRGC,OLA2-06122023
BRJ9263RM0,OLA2-06122023
BRJ0169NR1,OLA2-06122023
BRJ202TKN6,OLA2-06122023
BRJ0169M4G,OLA2-06122023
BRJ129N5B5,OLA2-06122023
BRJ013959Y,OLA2-06122023
BRJ129N584,OLA2-06122023
BRJ129N52W,OLA2-06122023
BRJ202TKJ2,OLA2-06122023
BRJ136PBRM,OLA2-06122023
BRJ136PCYP,OLA2-06122023
BRJ129N4X4,OLA2-06122023
BRJ0169NQM,OLA2-06122023
BRJ9263QCJ,OLA2-06122023
BRJ0169NRB,OLA2-06122023
BRJ202TKQ0,OLA2-06122023
BRJ01395XM,OLA2-06122023
BRJ129N502,OLA2-06122023
BRJ025BR0P,OLA2-06122023
BRJ202TKJT,OLA2-06122023
BRJ202TK7C,OLA2-06122023
BRJ223YW0N,OLA2-06122023
BRJ129N59V,OLA2-06122023
BRJ202TKPN,OLA2-06122023
BRJ025BQWB,OLA2-06122023
BRJ223YWX9,OLA2-06122023
BRJ129N55B,OLA2-06122023
BRJ129N4X2,OLA2-06122023
BRJ129N51P,OLA2-06122023
BRJ025BQZS,OLA2-06122023
BRJ129N512,OLA2-06122023
BRJ025BQNT,OLA2-06122023
BRJ723G3VB,OLA2-06122023
BRJ223YTWS,OLA2-06122023
BRJ025BQL2,OLA2-06122023
BRJ202TKB9,OLA2-06122023
BRJ025BQDX,OLA2-06122023
BRJ025BQSG,OLA2-06122023
BRJ01395TT,OLA2-06122023
BRJ9263R9N,OLA2-06122023
BRJ9263RNY,OLA2-06122023
BRJ025BS00,OLA2-06122023
BRJ129N55S,OLA2-06122023
BRJ129N4ZY,OLA2-06122023
BRJ01396MW,OLA2-06122023
BRJ129N501,OLA2-06122023
BRJ01497QF,OLA2-06122023
BRJ01396FD,OLA2-06122023
BRJ129N5C6,OLA2-06122023
BRJ025BS55,OLA2-06122023
BRJ143QR77,OLA2-06122023
BRJ129N55G,OLA2-06122023
BRJ724G7PR,OLA2-06122023
BRJ129N53M,OLA2-06122023
BRJ202TK4M,OLA2-06122023
BRJ025BQNL,OLA2-06122023
BRJ0169NRH,OLA2-06122023
BRJ129N4TC,OLA2-06122023
BRJ9263RZX,OLA2-06122023
BRJ025BS06,OLA2-06122023
BRJ202TK8C,OLA2-06122023
BRJ747L4D3,OLA2-06122023
BRJ025BQ36,OLA2-06122023
BRJ142QQQJ,OLA2-06122023
BRJ01395MQ,OLA2-06122023
BRJ025BQMV,OLA2-06122023
BRJ202TK4R,OLA2-06122023
BRJ9253NF1,OLA2-06122023
BRJ025BRX4,OLA2-06122023
BRJ025BS73,OLA2-06122023
BRJ202TJZ4,OLA2-06122023
BRJ129N53C,OLA2-06122023
BRJ01395TL,OLA2-06122023
BRJ9263RDP,OLA2-06122023
BRJ143QR6V,OLA2-06122023
BRJ129N50G,OLA2-06122023
BRJ142QQR2,OLA2-06122023
BRJ129N55P,OLA2-06122023
BRJ202TK08,OLA2-06122023
BRJ129N57B,OLA2-06122023
BRJ01497M8,OLA2-06122023
BRJ9263PZY,OLA2-06122023
BRJ202TKBB,OLA2-06122023
BRJ136PCMD,OLA2-06122023
BRJ025BS2Y,OLA2-06122023
BRJ129N54V,OLA2-06122023
BRJ202TKGG,OLA2-06122023
BRJ01396Q9,OLA2-06122023
BRJ013962T,OLA2-06122023
BRJ202TKHR,OLA2-06122023
BRJ01497LS,OLA2-06122023
BRJ025BRF0,OLA2-06122023
BRJ9263RYX,OLA2-06122023
BRJ9263RT3,OLA2-06122023
BRJ0139637,OLA2-06122023
BRJ9263PXL,OLA2-06122023
BRJ025BRJV,OLA2-06122023
BRJ9263QL7,OLA2-06122023
BRJ9263QVT,OLA2-06122023
BRJ025BQX2,OLA2-06122023
BRJ129N4SD,OLA2-06122023
BRJ9263RQK,OLA2-06122023
BRJ9263RVN,OLA2-06122023
BRJ202TKNC,OLA2-06122023
BRJ136PCJ2,OLA2-06122023
BRJ01396CG,OLA2-06122023
BRJ202TK76,OLA2-06122023
BRJ9263RV4,OLA2-06122023
BRJ025BQLV,OLA2-06122023
BRJ01497FC,OLA2-06122023
BRJ129N5H4,OLA2-06122023
BRJ129N5CK,OLA2-06122023
BRJ129N563,OLA2-06122023
BRJ025BR83,OLA2-06122023
BRJ01396S9,OLA2-06122023
BRJ202TK3T,OLA2-06122023
BRJ01396VW,OLA2-06122023
BRJ9263Q4L,OLA2-06122023
BRJ223YS4T,OLA2-06122023
BRJ202TKNW,OLA2-06122023
BRJ129N57Y,OLA2-06122023
BRJ025BQVQ,OLA2-06122023
BRJ025BQBQ,OLA2-06122023
BRJ202TK4T,OLA2-06122023
BRJ01396KC,OLA2-06122023
BRJ9263QZ4,OLA2-06122023
BRJ025BQDN,OLA2-06122023
BRJ723G3W1,OLA2-06122023
BRJ025BQ0S,OLA2-06122023
BRJ129N4WJ,OLA2-06122023
BRJ223YS7M,OLA2-06122023
BRJ025BQD5,OLA2-06122023
BRJ223YV7G,OLA2-06122023
BRJ129N51G,OLA2-06122023
BRJ129N4Q4,OLA2-06122023
BRJ9263RC4,OLA2-06122023
BRJ01395VV,OLA2-06122023
BRJ013962V,OLA2-06122023
BRJ01395PH,OLA2-06122023
BRJ129N587,OLA2-06122023
BRJ9263R5S,OLA2-06122023
BRJ025BR4M,OLA2-06122023
BRJ223YS59,OLA2-06122023
BRJ01395JP,OLA2-06122023
BRJ223YS8Z,OLA2-06122023
BRJ0139630,OLA2-06122023
BRJ9263QDC,OLA2-06122023
BRJ129N5D7,OLA2-06122023
BRJ202TK7X,OLA2-06122023
BRJ129N57F,OLA2-06122023
BRJ202TKPT,OLA2-06122023
BRJ223YSB6,OLA2-06122023
BRJ025BRS4,OLA2-06122023
BRJ01497TQ,OLA2-06122023
BRJ0169M0W,OLA2-06122023
BRJ202TKFD,OLA2-06122023
BRJ129N50X,OLA2-06122023
BRJ129N4X0,OLA2-06122023
BRJ136PBJS,OLA2-06122023
BRJ01497PF,OLA2-06122023
BRJ0139634,OLA2-06122023
BRJ01497SB,OLA2-06122023
BRJ202TKBG,OLA2-06122023
BRJ025BS6S,OLA2-06122023
BRJ9263PYY,OLA2-06122023
BRJ202TKC0,OLA2-06122023
BRJ142QQQD,OLA2-06122023
BRJ129N4YY,OLA2-06122023
BRJ025BRRY,OLA2-06122023
BRJ01395PV,OLA2-06122023
BRJ223YS6J,OLA2-06122023
BRJ025BQFV,OLA2-06122023
BRJ129N576,OLA2-06122023
BRJ129N580,OLA2-06122023
BRJ01497PW,OLA2-06122023
BRJ025BQLS,OLA2-06122023
BRJ9263QGH,OLA2-06122023
BRJ129N4TK,OLA2-06122023
BRJ025BQLN,OLA2-06122023
BRJ223YS50,OLA2-06122023
BRJ142QQHX,OLA2-06122023
BRJ025BRD8,OLA2-06122023
BRJ025BQKN,OLA2-06122023
BRJ0169M5L,OLA2-06122023
BRJ0139674,OLA2-06122023
BRJ202TK41,OLA2-06122023
BRJ01396BX,OLA2-06122023
BRJ202TKG8,OLA2-06122023
BRJ129N551,OLA2-06122023
BRJ9263P5K,OLA2-06122023
BRJ9263RT6,OLA2-06122023
BRJ025BS2T,OLA2-06122023
BRJ9263PZ2,OLA2-06122023
BRJ129N4WV,OLA2-06122023
BRJ9263R3K,OLA2-06122023
BRJ013968K,OLA2-06122023
BRJ9263RH0,OLA2-06122023
BRJ01497KB,OLA2-06122023
BRJ136PCXB,OLA2-06122023
BRJ025BQL6,OLA2-06122023
BRJ129N52V,OLA2-06122023
BRJ9253MY7,OLA2-06122023
BRJ129N582,OLA2-06122023
BRJ202TK10,OLA2-06122023
BRJ129N53X,OLA2-06122023
BRJ129N4RW,OLA2-06122023
BRJ202TKDW,OLA2-06122023
BRJ01497GT,OLA2-06122023
BRJ01497KY,OLA2-06122023
BRJ129N55W,OLA2-06122023
BRJ202TK7T,OLA2-06122023
BRJ9263R10,OLA2-06122023
BRJ9263RFZ,OLA2-06122023
BRJ223YS82,OLA2-06122023
BRJ01497S9,OLA2-06122023
BRJ9263RM4,OLA2-06122023
BRJ202TKJ8,OLA2-06122023
BRJ129N547,OLA2-06122023
BRJ129N4TX,OLA2-06122023
BRJ129N4RR,OLA2-06122023
BRJ01497TB,OLA2-06122023
BRJ9263QV5,OLA2-06122023
BRJ136PCZF,OLA2-06122023
BRJ025BS6P,OLA2-06122023
BRJ138PQPG,OLA2-06122023
BRJ129N58C,OLA2-06122023
BRJ129N58H,OLA2-06122023
BRJ025BQMQ,OLA2-06122023
BRJ01396H4,OLA2-06122023
BRJ202TJMH,OLA2-06122023
BRJ01396J1,OLA2-06122023
BRJ9263RQT,OLA2-06122023
BRJ136PC0J,OLA2-06122023
BRJ013966L,OLA2-06122023
BRJ129N552,OLA2-06122023
BRJ129N56C,OLA2-06122023
BRJ202TKGF,OLA2-06122023
BRJ025BRXR,OLA2-06122023
BRJ025BS4L,OLA2-06122023
BRJ9263RX4,OLA2-06122023
BRJ025BQS7,OLA2-06122023
BRJ129N4YG,OLA2-06122023
BRJ025BRBH,OLA2-06122023
BRJ01395PN,OLA2-06122023
BRJ0139699,OLA2-06122023
BRJ202TK0C,OLA2-06122023
BRJ202TKN8,OLA2-06122023
BRJ01395J7,OLA2-06122023
BRJ828TB7L,OLA2-06122023
BRJ025BQKH,OLA2-06122023
BRJ202TKDR,OLA2-06122023
BRJ013969N,OLA2-06122023
BRJ202TKKJ,OLA2-06122023
BRJ202TKNP,OLA2-06122023
BRJ129N4X1,OLA2-06122023
BRJ025BS1Z,OLA2-06122023
BRJ202TK80,OLA2-06122023
BRJ01396GG,OLA2-06122023
BRJ202TK9R,OLA2-06122023
BRJ202TK1Z,OLA2-06122023
BRJ01395RS,OLA2-06122023
BRJ025BRFS,OLA2-06122023
BRJ025BS34,OLA2-06122023
BRJ202TKHC,OLA2-06122023
BRJ025BS5G,OLA2-06122023
BRJ223YS88,OLA2-06122023
BRJ01396L7,OLA2-06122023
BRJ136PCWB,OLA2-06122023
BRJ9263RKJ,OLA2-06122023
BRJ01395ND,OLA2-06122023
BRJ136PCY0,OLA2-06122023
BRJ129N56M,OLA2-06122023
BRJ202TKFJ,OLA2-06122023
BRJ202TK4Y,OLA2-06122023
BRJ9263QYV,OLA2-06122023
BRJ129N517,OLA2-06122023
BRJ129N566,OLA2-06122023
BRJ025BS5B,OLA2-06122023
BRJ025BRDS,OLA2-06122023
BRJ0169NRT,OLA2-06122023
BRJ025BQNW,OLA2-06122023
BRJ202TKPH,OLA2-06122023
BRJ129N58M,OLA2-06122023
BRJ0169M4S,OLA2-06122023
BRJ9263QXY,OLA2-06122023
BRJ129N51X,OLA2-06122023
BRJ0169NRN,OLA2-06122023
BRJ223YV0T,OLA2-06122023
BRJ129N4VC,OLA2-06122023
BRJ025BPWM,OLA2-06122023
BRJ025BRG5,OLA2-06122023
BRJ025BQG4,OLA2-06122023
BRJ01396QX,OLA2-06122023
BRJ138PQPJ,OLA2-06122023
BRJ202TKCY,OLA2-06122023
BRJ9263QDM,OLA2-06122023
BRJ202TKKQ,OLA2-06122023
BRJ025BRVP,OLA2-06122023
BRJ202TKCS,OLA2-06122023
BRJ0139603,OLA2-06122023
BRJ025BQKL,OLA2-06122023
BRJ223YWYK,OLA2-06122023
BRJ129N5CT,OLA2-06122023
BRJ129N4VG,OLA2-06122023
BRJ136PBPS,OLA2-06122023
BRJ0169M4Z,OLA2-06122023
BRJ01395HF,OLA2-06122023
BRJ9263RR5,OLA2-06122023
BRJ202TK0X,OLA2-06122023
BRJ202TKMM,OLA2-06122023
BRJ025BPZR,OLA2-06122023
BRJ202TK7D,OLA2-06122023
BRJ01395HP,OLA2-06122023
BRJ013958B,OLA2-06122023
BRJ202TKPS,OLA2-06122023
BRJ202TKNH,OLA2-06122023
BRJ025BQJL,OLA2-06122023
BRJ129N5BC,OLA2-06122023
BRJ138PQMS,OLA2-06122023
BRJ202TJZN,OLA2-06122023
BRJ129N57M,OLA2-06122023
BRJ202TK15,OLA2-06122023
BRJ01497RM,OLA2-06122023
BRJ01395MZ,OLA2-06122023
BRJ202TKMY,OLA2-06122023
BRJ01396RN,OLA2-06122023
BRJ9253MY2,OLA2-06122023
BRJ025BQY2,OLA2-06122023
BRJ202TKK6,OLA2-06122023
BRJ9263QHX,OLA2-06122023
BRJ136PCXP,OLA2-06122023
BRJ9263PY3,OLA2-06122023
BRJ202TKK8,OLA2-06122023
BRJ142QQHN,OLA2-06122023
BRJ9263R94,OLA2-06122023
BRJ202TKP4,OLA2-06122023
BRJ01395ZC,OLA2-06122023
BRJ129N54G,OLA2-06122023
BRJ025BQPG,OLA2-06122023
BRJ025BS07,OLA2-06122023
BRJ025BS8T,OLA2-06122023
BRJ025BQMJ,OLA2-06122023
BRJ202TK3Y,OLA2-06122023
BRJ01395ZY,OLA2-06122023
BRJ025BQ5C,OLA2-06122023
BRJ01395WN,OLA2-06122023
BRJ202TKGK,OLA2-06122023
BRJ01395Z9,OLA2-06122023
BRJ129N54Z,OLA2-06122023
BRJ01396DK,OLA2-06122023
BRJ025BS5T,OLA2-06122023
BRJ025BQ4T,OLA2-06122023
BRJ223YS5B,OLA2-06122023
BRJ025BS72,OLA2-06122023
BRJ129N53P,OLA2-06122023
BRJ013963L,OLA2-06122023
BRJ01396FH,OLA2-06122023
BRJ202TKGS,OLA2-06122023
BRJ129N56X,OLA2-06122023
BRJ138PQQM,OLA2-06122023
BRJ0139625,OLA2-06122023
BRJ01396J2,OLA2-06122023
BRJ01395RK,OLA2-06122023
BRJ01497DL,OLA2-06122023
BRJ202TKJJ,OLA2-06122023
BRJ025BRP9,OLA2-06122023
BRJ129N568,OLA2-06122023
BRJ138PQP2,OLA2-06122023
BRJ143QR62,OLA2-06122023
BRJ025BS8B,OLA2-06122023
BRJ9263QT8,OLA2-06122023
BRJ9263RS5,OLA2-06122023
BRJ025BS28,OLA2-06122023
BRJ142QQQT,OLA2-06122023
BRJ129N50H,OLA2-06122023
BRJ202TK5Z,OLA2-06122023
BRJ223YS63,OLA2-06122023
BRJ9263RGK,OLA2-06122023
BRJ223YS4V,OLA2-06122023
BRJ013965X,OLA2-06122023
BRJ01395XV,OLA2-06122023
BRJ202TK2K,OLA2-06122023
BRJ202TKM4,OLA2-06122023
BRJ01396V1,OLA2-06122023
BRJ025BQP0,OLA2-06122023
BRJ025BRP3,OLA2-06122023
BRJ202TK6W,OLA2-06122023
BRJ9263R50,OLA2-06122023
BRJ025BS0G,OLA2-06122023
BRJ129N4SB,OLA2-06122023
BRJ01395M7,OLA2-06122023
BRJ025BQT3,OLA2-06122023
BRJ202TKD0,OLA2-06122023
BRJ025BS0X,OLA2-06122023
BRJ9263RBJ,OLA2-06122023
BRJ025BRZ3,OLA2-06122023
BRJ9263R6S,OLA2-06122023
BRJ025BQZF,OLA2-06122023
BRJ129N560,OLA2-06122023
BRJ129N54K,OLA2-06122023
BRJ9263RBG,OLA2-06122023
BRJ025BQ49,OLA2-06122023
BRJ142QQHC,OLA2-06122023
BRJ9263QVD,OLA2-06122023
BRJ025BR39,OLA2-06122023
BRJ025BS81,OLA2-06122023
BRJ025BQHZ,OLA2-06122023
BRJ9263QVW,OLA2-06122023
BRJ9263RRS,OLA2-06122023
BRJ129N4TZ,OLA2-06122023
BRJ013964Y,OLA2-06122023
BRJ01497MK,OLA2-06122023
BRJ025BQFM,OLA2-06122023
BRJ202TKG0,OLA2-06122023
BRJ129N5B9,OLA2-06122023
BRJ0169NGW,OLA2-06122023
BRJ025BRYN,OLA2-06122023
BRJ136PBJJ,OLA2-06122023
BRJ025BR5R,OLA2-06122023
BRJ129N50Y,OLA2-06122023
BRJ013963Z,OLA2-06122023
BRJ223YS4M,OLA2-06122023
BRJ138PQPY,OLA2-06122023
BRJ025BQLP,OLA2-06122023
BRJ9263RR7,OLA2-06122023
BRJ025BQ4G,OLA2-06122023
BRJ01497K1,OLA2-06122023
BRJ129N564,OLA2-06122023
BRJ202TKMN,OLA2-06122023
BRJ202TK9Z,OLA2-06122023
BRJ013962H,OLA2-06122023
BRJ025BQG0,OLA2-06122023
BRJ136PCBH,OLA2-06122023
BRJ129N540,OLA2-06122023
BRJ025BQTD,OLA2-06122023
BRJ202TK6B,OLA2-06122023
BRJ223YS81,OLA2-06122023
BRJ138PQNZ,OLA2-06122023
BRJ013964M,OLA2-06122023
BRJ9253MYR,OLA2-06122023
BRJ9263R15,OLA2-06122023
BRJ136PCZ8,OLA2-06122023
BRJ202TKCK,OLA2-06122023
BRJ143QR76,OLA2-06122023
BRJ01396VJ,OLA2-06122023
BRJ01395HC,OLA2-06122023
BRJ01395PC,OLA2-06122023
BRJ9263QJ7,OLA2-06122023
BRJ0169NRV,OLA2-06122023
BRJ129N55R,OLA2-06122023
BRJ202TJKJ,OLA2-06122023
BRJ025BQYH,OLA2-06122023
BRJ202TKNR,OLA2-06122023
BRJ129N4VM,OLA2-06122023
BRJ9263QTY,OLA2-06122023
BRJ202TKFC,OLA2-06122023
BRJ129N57X,OLA2-06122023
BRJ025BQH2,OLA2-06122023
BRJ129N57P,OLA2-06122023
BRJ01395TP,OLA2-06122023
BRJ025BRX9,OLA2-06122023
BRJ9263PX2,OLA2-06122023
BRJ9263RRL,OLA2-06122023
BRJ202TKD3,OLA2-06122023
BRJ025BS5K,OLA2-06122023
BRJ129N5B6,OLA2-06122023
BRJ025BQSN,OLA2-06122023
BRJ143QR72,OLA2-06122023
BRJ202TKNZ,OLA2-06122023
BRJ129N4V2,OLA2-06122023
BRJ202TKMS,OLA2-06122023
BRJ129N55Z,OLA2-06122023
BRJ129N59Z,OLA2-06122023
BRJ202TK9V,OLA2-06122023
BRJ129N4SR,OLA2-06122023
BRJ9263QSR,OLA2-06122023
BRJ202TK5N,OLA2-06122023
BRJ9263RLX,OLA2-06122023
BRJ025BS31,OLA2-06122023
BRJ202TKJY,OLA2-06122023
BRJ025BRZK,OLA2-06122023
BRJ129N54T,OLA2-06122023
BRJ9263R75,OLA2-06122023
BRJ202TK6R,OLA2-06122023
BRJ9263RHD,OLA2-06122023
BRJ129N54S,OLA2-06122023
BRJ129N556,OLA2-06122023
BRJ9263Q0C,OLA2-06122023
BRJ025BRCC,OLA2-06122023
BRJ013960J,OLA2-06122023
BRJ9253NGP,OLA2-06122023
BRJ223YW22,OLA2-06122023
BRJ129N5B3,OLA2-06122023
BRJ129N4SX,OLA2-06122023
BRJ223YS55,OLA2-06122023
BRJ025BQPZ,OLA2-06122023
BRJ9263R1X,OLA2-06122023
BRJ202TKM3,OLA2-06122023
BRJ129N570,OLA2-06122023
BRJ129N4W1,OLA2-06122023
BRJ01395QD,OLA2-06122023
BRJ136PCQ2,OLA2-06122023
BRJ129N591,OLA2-06122023
BRJ202TK9P,OLA2-06122023
BRJ01497RZ,OLA2-06122023
BRJ129N5CM,OLA2-06122023
BRJ136PBS0,OLA2-06122023
BRJ202TK6P,OLA2-06122023
BRJ129N4T6,OLA2-06122023
BRJ025BR8W,OLA2-06122023
BRJ129N58X,OLA2-06122023
BRJ01396JF,OLA2-06122023
BRJ723G3WN,OLA2-06122023
BRJ025BQBL,OLA2-06122023
BRJ129N56B,OLA2-06122023
BRJ202TKHG,OLA2-06122023
BRJ129N4WF,OLA2-06122023
BRJ025BRRG,OLA2-06122023
BRJ129N588,OLA2-06122023
BRJ9263RTZ,OLA2-06122023
BRJ01395J5,OLA2-06122023
BRJ129N578,OLA2-06122023
BRJ202TKGZ,OLA2-06122023
BRJ202TK48,OLA2-06122023
BRJ01396BT,OLA2-06122023
BRJ9263QGK,OLA2-06122023
BRJ129N530,OLA2-06122023
BRJ01396JL,OLA2-06122023
BRJ143QR6P,OLA2-06122023
BRJ143QR5R,OLA2-06122023
BRJ136PCYT,OLA2-06122023
BRJ025BR06,OLA2-06122023
BRJ129N4RD,OLA2-06122023
BRJ025BQBW,OLA2-06122023
BRJ136PCPM,OLA2-06122023
BRJ202TKKK,OLA2-06122023
BRJ01395LL,OLA2-06122023
BRJ025BQF5,OLA2-06122023
BRJ9263R39,OLA2-06122023
BRJ025BQ07,OLA2-06122023
BRJ01395XQ,OLA2-06122023
BRJ129N550,OLA2-06122023
BRJ0169NRJ,OLA2-06122023
BRJ01395YT,OLA2-06122023
BRJ025BQH1,OLA2-06122023
BRJ202TKG2,OLA2-06122023
BRJ01497FY,OLA2-06122023
BRJ01497SF,OLA2-06122023
BRJ01395NJ,OLA2-06122023
BRJ01497RJ,OLA2-06122023
BRJ129N546,OLA2-06122023
BRJ202TK5J,OLA2-06122023
BRJ025BS2Z,OLA2-06122023
BRJ136PC95,OLA2-06122023
BRJ9263Q0T,OLA2-06122023
BRJ025BS56,OLA2-06122023
BRJ202TKNG,OLA2-06122023
BRJ129N536,OLA2-06122023
BRJ025BQFR,OLA2-06122023
BRJ223YS71,OLA2-06122023
BRJ202TK56,OLA2-06122023
BRJ025BRT2,OLA2-06122023
BRJ202TK99,OLA2-06122023
BRJ9263RNM,OLA2-06122023
BRJ0169NQN,OLA2-06122023
BRJ025BS3T,OLA2-06122023
BRJ202TKPB,OLA2-06122023
BRJ202TK5S,OLA2-06122023
BRJ01395RH,OLA2-06122023
BRJ01396B6,OLA2-06122023
BRJ025BQRQ,OLA2-06122023
BRJ828TB6R,OLA2-06122023
BRJ129N4Q2,OLA2-06122023
BRJ202TK26,OLA2-06122023
BRJ129N596,OLA2-06122023
BRJ025BRR7,OLA2-06122023
BRJ025BQ4W,OLA2-06122023
BRJ223YW21,OLA2-06122023
BRJ025BQVF,OLA2-06122023
BRJ025BS0T,OLA2-06122023
BRJ9263RMB,OLA2-06122023
BRJ202TKFH,OLA2-06122023
BRJ129N56P,OLA2-06122023
BRJ01497HW,OLA2-06122023
BRJ202TK0T,OLA2-06122023
BRJ025BQKZ,OLA2-06122023
BRJ025BQMT,OLA2-06122023
BRJ202TJZM,OLA2-06122023
BRJ202TKN5,OLA2-06122023
BRJ202TK00,OLA2-06122023
BRJ9263QFW,OLA2-06122023
BRJ129N4ST,OLA2-06122023
BRJ129N5B7,OLA2-06122023
BRJ9253NDL,OLA2-06122023
BRJ129N51N,OLA2-06122023
BRJ202TKNJ,OLA2-06122023
BRJ025BQGT,OLA2-06122023
BRJ9263RDX,OLA2-06122023
BRJ025BQC4,OLA2-06122023
BRJ129N4QG,OLA2-06122023
BRJ129N4YD,OLA2-06122023
BRJ136PBNW,OLA2-06122023
BRJ129N4SK,OLA2-06122023
BRJ202TKPP,OLA2-06122023
BRJ9263QVR,OLA2-06122023
BRJ025BQLF,OLA2-06122023
BRJ202TK95,OLA2-06122023
BRJ0169N8Z,OLA2-06122023
BRJ202TKDZ,OLA2-06122023
BRJ025BQBY,OLA2-06122023
BRJ9263QX1,OLA2-06122023
BRJ025BQGG,OLA2-06122023
BRJ025BR5G,OLA2-06122023
BRJ025BQPV,OLA2-06122023
BRJ01396HP,OLA2-06122023
BRJ202TK5M,OLA2-06122023
BRJ0139655,OLA2-06122023
BRJ129N57H,OLA2-06122023
BRJ202TKQ2,OLA2-06122023
BRJ138PQMB,OLA2-06122023
BRJ129N4W9,OLA2-06122023
BRJ025BR9G,OLA2-06122023
BRJ01395PZ,OLA2-06122023
BRJ202TK16,OLA2-06122023
BRJ025BQN0,OLA2-06122023
BRJ202TKH3,OLA2-06122023
BRJ01396F3,OLA2-06122023
BRJ025BRN8,OLA2-06122023
BRJ202TKCN,OLA2-06122023
BRJ025BQHG,OLA2-06122023
BRJ138PQPN,OLA2-06122023
BRJ025BQFD,OLA2-06122023
BRJ129N56F,OLA2-06122023
BRJ202TK5X,OLA2-06122023
BRJ202TK79,OLA2-06122023
BRJ0169NQY,OLA2-06122023
BRJ025BQD9,OLA2-06122023
BRJ136PCYF,OLA2-06122023
BRJ129N5BK,OLA2-06122023
BRJ129N508,OLA2-06122023
BRJ202TKD5,OLA2-06122023
BRJ025BR4J,OLA2-06122023
BRJ025BRWL,OLA2-06122023
BRJ136PCDS,OLA2-06122023
BRJ202TK2M,OLA2-06122023
BRJ9263PYG,OLA2-06122023
BRJ025BQXM,OLA2-06122023
BRJ129N4S0,OLA2-06122023
BRJ129N58N,OLA2-06122023
BRJ025BQZY,OLA2-06122023
BRJ202TKFQ,OLA2-06122023
BRJ129N5G9,OLA2-06122023
BRJ025BRLK,OLA2-06122023
BRJ01395RG,OLA2-06122023
BRJ9263R9J,OLA2-06122023
BRJ9263RQ4,OLA2-06122023
BRJ025BRNP,OLA2-06122023
BRJ9263QQQ,OLA2-06122023
BRJ01395HX,OLA2-06122023
BRJ202TKGY,OLA2-06122023
BRJ129N50F,OLA2-06122023
BRJ202TKDD,OLA2-06122023
BRJ0139607,OLA2-06122023
BRJ025BS4S,OLA2-06122023
BRJ712DJDL,OLA2-06122023
BRJ223YS4F,OLA2-06122023
BRJ142QQQP,OLA2-06122023
BRJ013962D,OLA2-06122023
BRJ9263QZD,OLA2-06122023
BRJ712DJR9,OLA2-06122023
BRJ0169NF4,OLA2-06122023
BRJ142QQN4,OLA2-06122023
BRJ01395LF,OLA2-06122023
BRJ025BQKR,OLA2-06122023
BRJ025BS4H,OLA2-06122023
BRJ129N55H,OLA2-06122023
BRJ129N586,OLA2-06122023
BRJ136PCXF,OLA2-06122023
BRJ129N58V,OLA2-06122023
BRJ723G3VC,OLA2-06122023
BRJ025BS6C,OLA2-06122023
BRJ025BR93,OLA2-06122023
BRJ9263RNC,OLA2-06122023
BRJ0169NRW,OLA2-06122023
BRJ129N56Q,OLA2-06122023
BRJ202TK3Q,OLA2-06122023
BRJ129N554,OLA2-06122023
BRJ01497GM,OLA2-06122023
BRJ202TKN7,OLA2-06122023
BRJ025BRYS,OLA2-06122023
BRJ202TKGN,OLA2-06122023
BRJ223YS6Y,OLA2-06122023
BRJ142QQP7,OLA2-06122023
BRJ025BS84,OLA2-06122023
BRJ223YWXW,OLA2-06122023
BRJ129N589,OLA2-06122023
BRJ9263RGT,OLA2-06122023
BRJ025BRMY,OLA2-06122023
BRJ025BQCJ,OLA2-06122023
BRJ01395J0,OLA2-06122023
BRJ01395JV,OLA2-06122023
BRJ136PCX3,OLA2-06122023
BRJ01396CX,OLA2-06122023
BRJ025BS7L,OLA2-06122023
BRJ202TK1T,OLA2-06122023
BRJ9263RV0,OLA2-06122023
BRJ025BRN3,OLA2-06122023
BRJ025BQZV,OLA2-06122023
BRJ01395VC,OLA2-06122023
BRJ136PCZ0,OLA2-06122023
BRJ129N4QD,OLA2-06122023
BRJ0169NR5,OLA2-06122023
BRJ9263QHB,OLA2-06122023
BRJ0169NH4,OLA2-06122023
BRJ202TK6F,OLA2-06122023
BRJ01396KH,OLA2-06122023
BRJ025BS3H,OLA2-06122023
BRJ223YW2P,OLA2-06122023
BRJ025BQCC,OLA2-06122023
BRJ01395VJ,OLA2-06122023
BRJ01395L4,OLA2-06122023
BRJ0169LXZ,OLA2-06122023
BRJ025BQ0Z,OLA2-06122023
BRJ136PC73,OLA2-06122023
BRJ0169M9D,OLA2-06122023
BRJ129N505,OLA2-06122023
BRJ129N54P,OLA2-06122023
BRJ223YS5Q,OLA2-06122023
BRJ223YS4H,OLA2-06122023
BRJ01395H4,OLA2-06122023
BRJ223YS54,OLA2-06122023
BRJ025BS85,OLA2-06122023
BRJ025BQMY,OLA2-06122023
BRJ9263RW3,OLA2-06122023
BRJ025BS4D,OLA2-06122023
BRJ01395T9,OLA2-06122023
BRJ025BQHK,OLA2-06122023
BRJ202TK2G,OLA2-06122023
BRJ025BQ13,OLA2-06122023
BRJ025BQDB,OLA2-06122023
BRJ01395T2,OLA2-06122023
BRJ223YS77,OLA2-06122023
BRJ01497PZ,OLA2-06122023
BRJ025BQ15,OLA2-06122023
BRJ202TKK7,OLA2-06122023
BRJ025BQGF,OLA2-06122023
BRJ025BR7D,OLA2-06122023
BRJ01395YN,OLA2-06122023
BRJ129N5CN,OLA2-06122023
BRJ025BQL5,OLA2-06122023
BRJ202TKH6,OLA2-06122023
BRJ136PCCK,OLA2-06122023
BRJ01497VP,OLA2-06122023
BRJ01395Q5,OLA2-06122023
BRJ202TJZG,OLA2-06122023
BRJ223YS52,OLA2-06122023
BRJ202TKM8,OLA2-06122023
BRJ202TJYZ,OLA2-06122023
BRJ01396R4,OLA2-06122023
BRJ025BR7L,OLA2-06122023
BRJ223YW31,OLA2-06122023
BRJ129N575,OLA2-06122023
BRJ025BRZH,OLA2-06122023
BRJ025BQYL,OLA2-06122023
BRJ01395VP,OLA2-06122023
BRJ01395VB,OLA2-06122023
BRJ202TKC3,OLA2-06122023
BRJ223YS5J,OLA2-06122023
BRJ223YV28,OLA2-06122023
BRJ9263R9M,OLA2-06122023
BRJ01395Z8,OLA2-06122023
BRJ025BQDD,OLA2-06122023
BRJ9263QQF,OLA2-06122023
BRJ202TK5H,OLA2-06122023
BRJ01395L5,OLA2-06122023
BRJ025BQSM,OLA2-06122023
BRJ142QQH9,OLA2-06122023
BRJ129N598,OLA2-06122023
BRJ202TKNV,OLA2-06122023
BRJ9263RJG,OLA2-06122023
BRJ025BRH8,OLA2-06122023
BRJ129N525,OLA2-06122023
BRJ750LZCQ,OLA2-06122023
BRJ025BRZ8,OLA2-06122023
BRJ01497HP,OLA2-06122023
BRJ9263R98,OLA2-06122023
BRJ136PCZH,OLA2-06122023
BRJ136PCZP,OLA2-06122023
BRJ202TK1S,OLA2-06122023
BRJ9253N2B,OLA2-06122023
BRJ025BS50,OLA2-06122023
BRJ01395V1,OLA2-06122023
BRJ136PCS6,OLA2-06122023
BRJ202TKF5,OLA2-06122023
BRJ129N59G,OLA2-06122023
BRJ025BRC1,OLA2-06122023
BRJ0169M1R,OLA2-06122023
BRJ025BQBJ,OLA2-06122023
BRJ9253MWP,OLA2-06122023
BRJ9263RVP,OLA2-06122023
BRJ202TK9D,OLA2-06122023
BRJ9263QR5,OLA2-06122023
BRJ202TK3V,OLA2-06122023
BRJ025BS7J,OLA2-06122023
